{"cameraMode":{"drawMode":0,"name":"Shaded","section":"Shading Mode"},"sceneLighting":false,"audioPlay":false,"sceneViewState":{"showFog":true,"showMaterialUpdate":false,"showSkybox":false,"showFlares":true,"showImageEffects":true,"showParticleSystems":true},"in2DMode":false,"pivot":{"x":2.5986711978912355,"y":-4.858371734619141,"z":186.58619689941407},"rotation":{"x":-0.2575435936450958,"y":-0.07614505290985108,"z":0.020361188799142839,"w":-0.9630529284477234},"size":33.07072067260742,"orthographic":false}