{"cameraMode":{"drawMode":0,"name":"Shaded","section":"Shading Mode"},"sceneLighting":false,"audioPlay":false,"sceneViewState":{"showFog":true,"showMaterialUpdate":false,"showSkybox":false,"showFlares":true,"showImageEffects":true,"showParticleSystems":true},"in2DMode":false,"pivot":{"x":0.23484134674072267,"y":3.8852806091308595,"z":200.5},"rotation":{"x":-0.4342621862888336,"y":-0.44685494899749758,"z":0.26350826025009158,"w":-0.7364143133163452},"size":51.270050048828128,"orthographic":false}