{"cameraMode":{"drawMode":0,"name":"Shaded","section":"Shading Mode"},"sceneLighting":false,"audioPlay":false,"sceneViewState":{"showFog":true,"showMaterialUpdate":false,"showSkybox":false,"showFlares":true,"showImageEffects":true,"showParticleSystems":true},"in2DMode":false,"pivot":{"x":3.874591827392578,"y":-2.7979607582092287,"z":-7.792354106903076},"rotation":{"x":0.08931459486484528,"y":-0.855180025100708,"z":0.1572135090827942,"w":0.48579317331314089},"size":13.572654724121094,"orthographic":false}