{"cameraMode":{"drawMode":0,"name":"Shaded","section":"Shading Mode"},"sceneLighting":false,"audioPlay":false,"sceneViewState":{"showFog":true,"showMaterialUpdate":false,"showSkybox":false,"showFlares":true,"showImageEffects":true,"showParticleSystems":true},"in2DMode":false,"pivot":{"x":-0.35039353370666506,"y":1.2317434549331666,"z":-0.9715848565101624},"rotation":{"x":-0.27988338470458987,"y":-0.383788526058197,"z":0.12327854335308075,"w":-0.8713102340698242},"size":2.5088722705841066,"orthographic":false}