{"cameraMode":{"drawMode":0,"name":"Shaded","section":"Shading Mode"},"sceneLighting":true,"audioPlay":false,"sceneViewState":{"showFog":true,"showMaterialUpdate":false,"showSkybox":true,"showFlares":true,"showImageEffects":true,"showParticleSystems":true},"in2DMode":false,"pivot":{"x":-364.7170104980469,"y":317.2674865722656,"z":1726.646484375},"rotation":{"x":-0.02499069646000862,"y":-0.97495436668396,"z":0.15065304934978486,"w":-0.16173675656318665},"size":5.524785995483398,"orthographic":false}