{"cameraMode":{"drawMode":0,"name":"Shaded","section":"Shading Mode"},"sceneLighting":false,"audioPlay":false,"sceneViewState":{"showFog":true,"showMaterialUpdate":false,"showSkybox":false,"showFlares":true,"showImageEffects":true,"showParticleSystems":true},"in2DMode":false,"pivot":{"x":-0.054958194494247439,"y":-19.465003967285158,"z":115.9800796508789},"rotation":{"x":-0.001456002239137888,"y":0.937879741191864,"z":-0.34694090485572817,"w":-0.003937908913940191},"size":25.66415786743164,"orthographic":false}